<?xml version="1.0" encoding="UTF-8"?>
<beans xmlns="http://www.springframework.org/schema/beans"
   xmlns:context="http://www.springframework.org/schema/context"
    xmlns:mvc="http://www.springframework.org/schema/mvc"
    xmlns:xsi="http://www.w3.org/2001/XMLSchema-instance"
    xsi:schemaLocation="http://www.springframework.org/schema/beans http://www.springframework.org/schema/beans/spring-beans.xsd
    http://www.springframework.org/schema/mvc http://www.springframework.org/schema/mvc/spring-mvc.xsd
    http://www.springframework.org/schema/context http://www.springframework.org/schema/context/spring-context.xsd">

<context:annotation-config/>

<context:component-scan base-package="com.LoginAndUserReg"></context:component-scan>

<bean id="datasource" class="org.springframework.jdbc.datasource.DriverManagerDataSource">  
<property name="driverClassName" value="com.mysql.cj.jdbc.Driver" />  
<property name="url" value="jdbc:mysql://localhost:3306/springmvc" />  
<property name="username" value="root" />  
<property name="password" value="mysql" />  
</bean>  
  
<bean id="jdbcTemplate" class="org.springframework.jdbc.core.JdbcTemplate">  
<property name="dataSource" ref="datasource"></property>  
</bean> 

<bean class="org.springframework.web.servlet.view.InternalResourceViewResolver">
        <property name="prefix">
           <value>/WEB-INF/views/</value>
        </property>
        <property name="suffix">
            <value>.jsp</value>
        </property>
    </bean>







</beans>